of, 12765289150
on, 3436213533
that, 3244802211
by, 3052365076
you, 2404223410
be, 2313339224
this, 2293650245
as, 2018595430
have, 1497571158
more, 1102634898
but, 796081836
about, 791444780
do, 766127199
other, 721085981
time, 681906710
out, 661610571
new, 652141864
only, 550863597
also, 540541602
free, 534289164
so, 518878130
use, 499645347
there, 478280315
site, 467139224
here, 466707648
some, 457409770
over, 401804584
people, 382195698
get, 381487656
just, 378617301
now, 365195533
see, 363013379
how, 354983006
work, 347923649
make, 334826593
online, 334324422
available, 303420638
well, 301853777
very, 292897993
day, 286850644
know, 282035979
business, 280687568
good, 276011335
help, 271840666
data, 271829210
way, 268084494
under, 265852191
find, 265445959
number, 258614201
service, 252005646
search, 243156818
before, 242472221
last, 241219808
she, 234969153
name, 234223293
right, 230632051
much, 228328953
go, 228010371
set, 222769527
mail, 219750508
support, 218808207
message, 217928649
take, 217097664
order, 216343502
off, 215156401
own, 212674267
part, 211845480
line, 210790715
even, 210411574
high, 207310070
following, 207079814
think, 203676163
top, 203369630
public, 197620276
great, 195422217
the same, 194623024
down, 193205288
view, 191622494
long, 191191495
full, 187671210
state, 187571295
next, 183243510
contact, 182355525
email, 178766144
at least, 176693572
area, 174080577
file, 170914941
provide, 169487966
different, 168905978
local, 168742413
place, 168016622
end, 167586046
subject, 166904243
still, 166892010
date, 166535201
post, 166102748
around, 161470156
change, 159242595
read, 157996579
since, 157613050
company, 156183611
buy, 154315268
another, 152750305
group, 152492547
really, 148918637
level, 147747750
form, 147490187
today, 147073938
process, 146448045
access, 146412728
real, 144660526
type, 143125743
small, 142315623
little, 141368522
address, 141323897
value, 137813610
text, 137156210
control, 137155514
a lot, 136876162
music, 136076151
game, 135744178
research, 134849427
show, 134101587
end of, 133834465
against, 133460033
big, 132694130
link, 132073576
quality, 131829360
come, 131694562
management, 131346669
person, 131302741
current, 130556668
above, 130046452
property, 129569107
project, 129172741
private, 129100336
point, 128178892
below, 128007517
report, 127219580
store, 127007279
less, 124024383
community, 123760833
call, 122092855
in order, 122077294
return, 121591542
give, 121460711
large, 120376485
problem, 120261771
power, 120090284
section, 119807522
important, 119695314
open, 119614376
check, 117682933
result, 116359211
possible, 116267145
image, 115896901
based on, 115659021
working, 115582254
personal, 114306822
low, 114253903
looking, 114239791
cost, 114141140
side, 113949803
example, 112627134
experience, 112404080
a little, 110939692
car, 107671676
play, 106492846
test, 106453548
application, 105565659
special, 104309379
job, 103759651
start, 103278129
put, 103275369
study, 102814821
complete, 102372890
sure, 102038224
account, 100548974
question, 100475303
means, 100394060
away, 99858878
live, 98935565
offer, 98846564
yet, 98497298
phone, 98173389
general, 97711977
article, 97467374
range, 96957559
training, 96023519
plan, 95573433
team, 95059828
hand, 94973616
performance, 94691835
network, 93871373
young, 93570607
total, 93543766
card, 93164111
keep, 92748957
hard, 92710920
term, 92507480
education, 92361720
visit, 92354593
run, 92137712
body, 91645484
easy, 91637332
payment, 91186295
story, 90864672
already, 89877095
field, 89758056
ever, 89504573
become, 89346187
period, 89286027
lot, 88858566
present, 88648815
major, 88450048
office, 88004448
further, 87924482
let, 87024052
additional, 86992793
often, 86903519
stock, 86748221
send, 86720414
party, 86661700
issue, 86172132
fact, 84893191
photo, 84620115
together, 83881472
create, 83698958
feel, 82609233
common, 82079167
far, 81860070
find out, 81439190
try, 81409540
included, 81402079
recent, 80153296
amount, 80133932
at all, 79895784
function, 79822026
travel, 79299138
individual, 79101338
age, 79014823
analysis, 78775685
event, 78519765
go back, 78515650
child, 78363463
international, 78216991
space, 77695925
light, 77288941
fun, 77240813
paper, 77195785
whole, 76914496
receive, 76822075
along, 76636056
location, 76532221
forum, 76038191
later, 75636115
early, 75613368
short, 75207468
standard, 75206163
picture, 75183827
original, 74643007
latest, 73916148
bit, 73679301
currently, 73636070
category, 73545632
learn, 73535596
series, 73512066
air, 73476064
social, 72727045
request, 72316386
close, 71913234
head, 71472344
believe, 71132619
across, 70955552
necessary, 70862811
meet, 70794473
position, 70525691
board, 69999055
particular, 69464451
tell, 68765376
true, 68603033
however, 67965095
near, 67604327
table, 67360790
appropriate, 67130597
certain, 66669070
rather, 66341863
knowledge, 65902273
box, 65860939
official, 65836587
bad, 65133226
error, 64904306
simple, 64380767
kind, 64363584
learning, 64189984
energy, 63686705
wide, 63667075
clear, 63506227
document, 63465774
production, 63166008
environment, 62768034
description, 62666671
effective, 62323993
actually, 62195858
guide, 62145407
land, 61973367
turn, 61897710
select, 61702804
natural, 61543681
allow, 61505619
soon, 61133545
register, 61097258
release, 61082047
role, 60952873
method, 60590092
front, 60408316
note, 59719615
sound, 59026528
almost, 58866866
matter, 58690542
girl, 58556210
cause, 58500948
selection, 58306784
resource, 58297619
understand, 58222672
reason, 58214627
huge, 58123500
gallery, 57775059
continue, 57658440
purchase, 57655376
usually, 57554922
ask, 57414661
cover, 57288452
move, 56876790
outside, 56822689
heart, 56755488
write, 56687795
death, 56587545
activity, 56574488
directly, 56392138
lower, 56120557
practice, 56115069
display, 55885235
living, 55825411
drive, 55727737
running, 55575000
approach, 55554471
quite, 55269390
base, 55148877
late, 54886178
collection, 54763025
direct, 54564860
stop, 54320863
hold, 54297320
significant, 54155884
leave, 53974293
improve, 53687997
lead, 53587990
fast, 53218001
weight, 52819276
purpose, 51640549
strong, 51430342
region, 51336671
choose, 51323142
woman, 51276703
update, 51257487
bin, 51236639
require, 51112333
domain, 50970534
nice, 50803437
responsibility, 50790418
inside, 50712988
recently, 50207324
screen, 50168756
or more, 49737375
cash, 49683748
opportunity, 49563665
bring, 49560732
unique, 49467026
degree, 49365156
active, 49352390
reply to, 49240033
choice, 49079432
as we, 48963657
leading, 48702688
notice, 48487706
entire, 48094867
forward, 47855556
charge, 47505575
statement, 47082297
sense, 47038677
in fact, 47033584
mobile, 46992246
feature, 46721469
basic, 46474252
look at, 46128734
operation, 45823954
consider, 45764361
variety, 45755388
regarding, 45690651
mode, 45673942
increased, 45551548
focus, 45444572
respect, 45298418
contract, 45212568
behind, 45159303
force, 44898167
selected, 44873587
rest, 44808050
maximum, 44298934
college, 44219868
join, 43857268
command, 43293381
global, 42849260
ground, 42848270
letter, 42763706
instead, 42759917
fire, 42453486
related to, 42264380
appear, 42115501
hit, 42014880
character, 41830624
relevant, 41688995
fully, 41415591
difficult, 41027047
friendly, 40995129
for us, 40852814
win, 40552015
valid, 40309594
gas, 40296232
therefore, 40221235
situation, 40052846
surface, 39726211
break, 39642830
excellent, 39588300
transfer, 39509186
couple, 39382546
although, 39291941
star, 39219266
act, 39170171
band, 39039268
effort, 38882119
capital, 38834409
primary, 38800512
blue, 38733069
sort, 38540821
quickly, 38327802
watch, 38289010
rather than, 38288133
communication, 38102838
happy, 38023510
accept, 37837683
complex, 37672667
foreign, 37573874
get to, 37535524
career, 37440320
fee, 37420272
round, 37294757
regular, 37148815
pressure, 37022850
album, 36913589
fall, 36874303
extra, 36838459
correct, 36788139
employment, 36781449
setting, 36758758
begin, 36541929
female, 36484890
match, 36472015
male, 36465861
minimum, 36340972
naked, 36203103
implementation, 35994430
pass, 35945720
trial, 35887687
animal, 35752841
deep, 35712107
stage, 35707250
chance, 35706864
critical, 35676709
older, 35542326
vehicle, 35522249
target, 35507098
highest, 35416718
generally, 35299099
assessment, 35287696
secure, 35246936
developing, 35162623
host, 35017400
immediately, 34980288
sometimes, 34890764
teaching, 34827461
reduce, 34827399
poor, 34807247
claim, 34731015
bank, 34717636
green, 34703725
piece, 34494352
scale, 34445598
actual, 34357502
flow, 34182629
distance, 33923067
serious, 33550839
all over, 33493648
fat, 33379181
modern, 33353276
progress, 33337312
remove, 33331871
authority, 33256124
produce, 33218450
fixed, 33207053
thus, 33175560
administration, 33139024
session, 33059463
demand, 32997238
growing, 32970315
stand, 32963308
in place, 32937701
fit, 32932327
moment, 32751750
hair, 32668677
sorted, 32579034
internal, 32542387
lots, 32529833
firm, 32453533
instead of, 32328462
completely, 32310795
volume, 32301752
submit, 32291298
central, 32289858
committee, 32098733
facility, 31877289
in front, 31816369
survey, 31687798
quick, 31378023
clean, 31370095
external, 31340787
shot, 30999734
maybe, 30973767
earlier, 30866738
reach, 30546867
coverage, 30270284
expect, 30256394
limit, 30148480
church, 30030956
maintain, 29929317
approximately, 29876132
station, 29869109
closed, 29365188
figure, 29359160
exactly, 29338963
rent, 29297337
powerful, 29223816
perhaps, 29189028
comprehensive, 29150754
direction, 29129091
contain, 28949645
publication, 28814164
make sure, 28788590
avoid, 28769578
evaluation, 28750002
load, 28621888
slightly, 28523541
obtain, 28434494
cable, 28351764
clearly, 28269675
gone, 28259072
equal, 28258044
nearly, 28169549
teacher, 28125379
carry, 28023954
recommend, 28011707
balance, 27806224
manner, 27781659
performed, 27655447
walk, 27633191
grade, 27582606
advance, 27399130
perform, 27353477
telephone, 27200725
attack, 27093190
waste, 27086880
essential, 27033375
powered, 27008588
task, 26913642
fair, 26898737
movement, 26884581
schedule, 26871750
edge, 26750265
drop, 26750244
ring, 26523152
leader, 26511823
fund, 26276997
gain, 26196981
mass, 26187432
manage, 26146638
blow, 26095606
happen, 26017908
this time, 25969091
majority, 25957523
achieve, 25908255
mission, 25903394
negative, 25799922
showing, 25768132
competition, 25737114
panel, 25573176
connected, 25512060
represent, 25439253
proper, 25409658
sequence, 25233131
reasonable, 25105542
worldwide, 24961143
handle, 24935682
previously, 24870473
dark, 24843143
presentation, 24823484
ending, 24813081
transport, 24780477
centre, 24769242
pattern, 24693606
truth, 24683607
guess, 24614137
bus, 24597311
discussed, 24471266
straight, 24407759
occur, 24366702
spring, 24354842
switch, 24291499
remains, 24278927
heavy, 24252174
programme, 24227217
mark, 24219838
wonderful, 24209856
concerned, 24159183
park, 24132552
attempt, 24087896
aware, 24066549
instance, 23910719
extent, 23659309
static, 23628582
fresh, 23593449
feeling, 23577962
earth, 23551952
conduct, 23537721
touch, 23506931
pop, 23438251
affect, 23380758
influence, 23256876
agree to, 23138340
winning, 23117566
officer, 23093683
soft, 22965782
accurate, 22932755
repair, 22902794
virus, 22862129
domestic, 22839969
solid, 22807416
a chance, 22779816
mobile phone, 22767570
extended, 22672654
indicate, 22626534
civil, 22419546
seem to, 22350969
concern, 22314898
calling, 22313558
establish, 22206222
emergency, 22162222
fix, 22161560
flat, 22094085
in advance, 22058169
ahead, 21897252
extremely, 21862963
participate, 21848674
depth, 21846351
so far, 21772175
explain, 21730493
concerning, 21713439
equivalent, 21489788
filled, 21394973
executive, 21293854
express, 21278718
close to, 21277490
duty, 21239468
famous, 21157549
mental, 20975344
totally, 20950052
chain, 20942133
empty, 20931779
association, 20921015
label, 20872278
dry, 20841700
unknown, 20738503
assume, 20724009
cycle, 20709592
speech, 20603115
finish, 20494037
deliver, 20471283
properly, 20466555
standing, 20431562
scene, 20427095
train, 20390703
relation, 20286691
bug, 20274956
vary, 20247177
lose, 20236873
miss, 20217958
spread, 20217472
sleep, 20196045
charged, 20122185
wind, 20120858
describe, 20115331
garden, 20048017
confirm, 19996389
deal with, 19973684
significantly, 19939125
permit, 19935077
truly, 19778608
attached, 19614049
marriage, 19591545
extensive, 19420705
minor, 19354938
refer to, 19329198
consideration, 19271013
the present, 19243241
the service, 19230325
healthy, 19198001
constant, 19124765
array, 19103610
hidden, 19086169
brief, 19079862
forth, 18885407
pack, 18872672
journal, 18798968
it seems, 18791537
stress, 18764422
bound, 18747773
layer, 18741846
effectively, 18568829
wild, 18520682
cast, 18452068
immediate, 18425727
representative, 18278501
exclusive, 18113809
finance, 18057443
suitable, 18021064
think of, 17991312
comfortable, 17989994
appear to, 17943535
fashion, 17942908
apply for, 17939343
filled with, 17917406
draw, 17913426
noise, 17710218
indeed, 17661923
route, 17604831
broad, 17514557
soil, 17482029
affected by, 17462837
formal, 17420997
beat, 17413199
partnership, 17339644
execution, 17324414
operate, 17293302
transaction, 17057258
possibly, 17049468
reliable, 17033288
contribute, 16975317
lead to, 16868859
mention, 16862306
the ground, 16798405
secret, 16764933
scope, 16616216
examination, 16532781
sensitive, 16527015
novel, 16424047
objective, 16400177
frequently, 16378603
guidance, 16373838
perspective, 16351386
sorry, 16340792
hire, 16238058
absolutely, 16064235
outstanding, 16063702
generate, 16035507
accessible, 16006501
colour, 15946553
to date, 15864394
instruction, 15782280
launch, 15770987
massive, 15732505
necessarily, 15717460
capable, 15638825
push, 15629342
enforcement, 15609291
roll, 15569192
fly, 15565721
bear, 15536594
completion, 15507278
carefully, 15472923
plain, 15433319
subscription, 15409724
be taken, 15247710
newspaper, 15200566
aim, 15079706
intelligence, 15072332
obvious, 15041502
considering, 15027374
commit, 15022459
end up, 15011966
technique, 14934196
comfort, 14930284
talk about, 14907853
pull, 14896050
shift, 14766326
go out, 14765316
substantial, 14763033
entirely, 14720396
density, 14652466
ahead of, 14621219
clock, 14605412
dollar, 14586784
stable, 14536048
closely, 14535877
functional, 14524548
surrounding, 14501602
echo, 14473674
entity, 14412356
flexible, 14330222
definitely, 14252456
elected, 14219635
the job, 14141842
wave, 14098274
from you, 14084364
dealing with, 14077536
somewhat, 14075405
organisation, 14055533
milk, 14052870
smooth, 14040158
commission, 14011023
split, 13973744
strongly, 13931652
plane, 13911745
wire, 13805680
reserve, 13803166
instant, 13797791
severe, 13739422
realize, 13694139
tip, 13642485
collect, 13619711
pure, 13612640
linear, 13587595
fail, 13504936
fairly, 13432053
respond to, 13431603
loop, 13225039
regularly, 13164196
get back, 13156872
coach, 13111969
appointment, 13084808
lay, 13065749
continuous, 13051661
crazy, 13048828
worst, 13042459
visible, 13039345
performing, 13029953
spiritual, 13020086
fundamental, 12979615
correctly, 12963319
quiet, 12923048
premium, 12899813
raw, 12898295
aspect, 12838122
stick, 12688800
atmosphere, 12683333
alert, 12668433
jump, 12646497
strange, 12577883
seriously, 12570333
bright, 12567374
apart, 12487721
infection, 12471917
other hand, 12470618
initiative, 12468015
go through, 12348618
notify, 12331294
tone, 12281647
paint, 12272214
classified, 12262925
modify, 12157292
worry, 12128500
journey, 12119872
exposed, 12087149
navigate, 11991947
elsewhere, 11987697
resume, 11959467
conclusion, 11957922
decrease, 11937118
explanation, 11907166
rapid, 11906212
acceptable, 11899711
concrete, 11891061
quantity, 11852036
throw, 11851903
convert, 11828089
earn, 11819867
be seen, 11775754
intellectual, 11767002
examine, 11755241
interior, 11742824
apparently, 11713643
bang, 11654893
weak, 11649736
portable, 11649325
imagine, 11586378
discover, 11582321
inner, 11480310
strike, 11413614
absolute, 11359683
expense, 11354790
yield, 11345106
at times, 11339780
ordinary, 11338108
obviously, 11319096
prison, 11312356
alive, 11301584
convenient, 11296142
thin, 11286711
reverse, 11269045
merely, 11247900
surprise, 11247386
sustainable, 11210541
cache, 11145466
introduce, 11134198
verify, 11093989
communicate, 11055776
lease, 11019555
rank, 10982292
vast, 10974628
tough, 10949096
commonly, 10907877
sight, 10848968
segment, 10820065
landscape, 10815762
asset, 10764418
skip, 10730114
arrival, 10725989
equation, 10682517
expanded, 10653573
labour, 10638124
contest, 10612056
scan, 10576889
fault, 10572999
vital, 10487927
exam, 10481361
restricted, 10481052
patent, 10472452
phrase, 10408715
everyday, 10408187
younger, 10365584
arrive, 10363560
engage in, 10314628
this point, 10279319
combine, 10276873
underlying, 10269490
vertical, 10266908
lovely, 10251124
assignment, 10233795
attitude, 10220924
era, 10186819
bulk, 10178915
incident, 10167991
unusual, 10155049
crowd, 10140689
boundary, 10134049
decline, 10097131
circle, 10090252
sharp, 10065334
cap, 10064417
considerable, 10050183
universal, 10033541
perfectly, 10031907
storm, 9983733
disaster, 9978420
sad, 9946448
convenience, 9944274
potentially, 9943195
said to, 9899846
yard, 9897574
repeat, 9874705
inform, 9867455
finger, 9830414
solely, 9783343
aside, 9751681
equally, 9720638
shock, 9708651
distinct, 9641047
lift, 9581519
holder, 9575031
in detail, 9543329
occasion, 9519452
killing, 9516171
mapping, 9478739
hop, 9462847
uniform, 9442912
honest, 9421900
everywhere, 9377299
shut, 9291074
eliminate, 9267806
cellular, 9253281
province, 9252143
dial, 9169169
slip, 9160816
apparent, 9154737
virtually, 9152441
engage, 9063764
take place, 9058182
adopt, 9040109
rising, 9039181
reputation, 9005500
trailer, 8997511
proceed, 8992270
suspect, 8973854
investigate, 8955111
hat, 8938516
strictly, 8919628
tie, 8891889
rely, 8870299
suppose, 8846225
initially, 8830157
instructor, 8763270
discharge, 8757376
loose, 8691303
tons, 8687821
consult, 8646821
adjacent, 8644613
odd, 8625043
witness, 8589797
shoot, 8573010
container, 8537132
wise, 8528095
satisfy, 8514455
crucial, 8495871
discipline, 8491971
burden, 8491755
instantly, 8455156
conservative, 8448252
allocation, 8438481
gathered, 8411199
admit, 8405909
arranged, 8396852
suffer, 8359197
hence, 8346556
impressive, 8325746
ignore, 8313579
passage, 8308735
reasonably, 8307027
prize, 8181687
transformation, 8149119
occasionally, 8133277
frequent, 8129717
liberal, 8128272
interval, 8101990
formerly, 8048600
announcement, 8048073
retain, 8047671
hardly, 8034958
postal service, 8029317
appeal to, 8006133
restore, 7992088
delayed, 7920790
arise, 7855313
heavily, 7824593
deadline, 7819731
at present, 7816000
exhibit, 7815727
unlikely, 7807297
wait for, 7798066
come back, 7796911
offensive, 7784439
warrant, 7783862
mood, 7742792
pot, 7739517
essay, 7722525
assure, 7719683
licence, 7707433
approve, 7705060
rough, 7702694
mad, 7695053
acute, 7620784
citizen, 7620650
acquire, 7580177
charity, 7567300
reveal, 7547790
stroke, 7527430
exceptional, 7527050
calculation, 7519446
put on, 7516516
bowl, 7510021
loads, 7506904
loving, 7505663
cry, 7502713
exclusively, 7497861
detect, 7492100
extract, 7478509
outer, 7463348
execute, 7431686
removing, 7427127
genuine, 7421608
advise, 7419436
suggestion, 7394853
confidential, 7328232
trace, 7312761
strain, 7283704
adjust, 7264457
prompt, 7234019
weird, 7222149
integral, 7219816
progressive, 7213919
construct, 7202656
intense, 7108842
skirt, 7105866
stretch, 7103033
pan, 7097959
decent, 7075775
vessel, 7051067
attract, 7034586
preserve, 7017175
last minute, 7006592
tune, 6987051
loud, 6949455
influenced by, 6914884
horizontal, 6908333
criticism, 6874771
refuse, 6851791
steady, 6847060
wash, 6794162
absent, 6770868
angry, 6769359
elementary, 6746129
trusted, 6741913
thesis, 6737055
succeed, 6734525
gather, 6721709
aggregate, 6710744
anxiety, 6681055
photograph, 6673409
these days, 6667301
verified, 6637370
rush, 6625757
pitch, 6595416
all but, 6575994
slight, 6575420
shortly, 6574461
observe, 6568258
arrange, 6561594
extraordinary, 6557288
leisure, 6556798
informal, 6547277
correlation, 6532867
enormous, 6525877
pound, 6502975
terrible, 6457430
diagram, 6449329
remarkable, 6419043
injection, 6413362
accurately, 6391096
wrap, 6389461
beneficial, 6354311
evident, 6337643
pleasant, 6323693
correspondence, 6316489
just about, 6315866
beneath, 6261261
consecutive, 6208692
incorporate, 6202875
shadow, 6195640
aggressive, 6191296
conclude, 6178426
drag, 6177897
characteristic, 6171918
post office, 6150599
roughly, 6150384
relax, 6097271
encounter, 6074681
surveillance, 6074519
casual, 6072213
radical, 6039011
alter, 6032613
robust, 6024530
grey, 6022608
tender, 5981687
in depth, 5974210
frozen, 5967266
accomplish, 5962542
angel, 5961104
go away, 5951340
prominent, 5949357
span, 5938098
number one, 5919105
transparent, 5901351
take on, 5894312
sudden, 5890467
tremendous, 5877269
bell, 5874304
amend, 5844193
tension, 5837215
crossing, 5835464
magnitude, 5820013
crap, 5809816
valued, 5807223
excessive, 5805598
propose, 5791836
unexpected, 5786724
transform, 5777349
ceiling, 5758353
purple, 5705927
lb, 5701951
mess, 5692486
restriction, 5607963
settle, 5605092
arrive at, 5584460
phenomenon, 5568480
happiness, 5567459
breathing, 5549694
briefly, 5531751
travel to, 5524464
pulse, 5501187
employ, 5494721
barely, 5483661
camping, 5479911
worthy, 5472130
fitting, 5470999
shore, 5457724
shelter, 5450508
mild, 5430068
satisfactory, 5421850
boring, 5419918
tuition, 5410706
queue, 5404365
durable, 5402858
competent, 5385056
recycling, 5378000
undertake, 5365179
bizarre, 5357612
peaceful, 5349536
functioning, 5285832
distinguished, 5282437
drum, 5271032
hitting, 5241150
continuously, 5238093
addiction, 5210787
pole, 5209605
hand in, 5208408
possess, 5204041
surprising, 5201731
excuse, 5187783
well known, 5177448
educated, 5142833
the chair, 5140006
reject, 5139417
remainder, 5121654
calm, 5108367
stud, 5101630
generous, 5091608
painful, 5075840
brush, 5070101
gentle, 5061902
sufficiently, 5059075
impose, 5053413
geographical, 5005588
remedy, 4985632
entertaining, 4967557
subscriber, 4951825
accordingly, 4940762
nothing but, 4931210
distant, 4930634
alien, 4921471
narrative, 4900724
dirt, 4890692
thorough, 4879653
jam, 4878186
grave, 4867049
dealt with, 4837108
in lieu, 4830361
badly, 4808245
portrait, 4806385
quest, 4790957
repeatedly, 4782392
surplus, 4779262
tap, 4771141
excited about, 4762227
lately, 4741232
exterior, 4730199
concerned with, 4726523
illustrate, 4712614
grip, 4697748
gently, 4695843
costly, 4684045
enjoyable, 4670206
bullet, 4650178
distinguish, 4640931
compelling, 4633653
fever, 4632000
fence, 4619094
dump, 4612977
divide, 4605857
approximate, 4570145
transmit, 4561209
marker, 4551278
sterling, 4531811
offence, 4529036
breed, 4524546
give to, 4513426
outlook, 4511484
lightweight, 4495635
concentrated, 4466507
retrieve, 4466399
illustration, 4466347
render, 4449843
shed, 4427104
alongside, 4410137
awful, 4397661
be displayed, 4381604
outreach, 4363903
extraction, 4362174
enclosed, 4345105
inadequate, 4344371
mandate, 4311419
wholly, 4308225
withdraw, 4300660
terminate, 4295530
horrible, 4294601
tear, 4294004
presently, 4278630
cow, 4276366
pit, 4266987
tray, 4249553
blast, 4247905
trainer, 4246609
persistent, 4233235
arena, 4218279
stake, 4213045
purely, 4201779
urgent, 4196040
complain, 4194372
renowned, 4187915
rally, 4183981
jointly, 4177174
sooner, 4167063
negotiation, 4132368
institute, 4116122
keen, 4088470
blessed, 4085246
relaxed, 4082930
operative, 4055754
shade, 4051521
firmly, 4002810
twist, 3988306
burst, 3972361
prosecution, 3956316
humanitarian, 3944149
profound, 3940007
memorable, 3933420
practically, 3931321
exploit, 3930206
hint, 3928626
unfair, 3927573
prospect, 3914034
similarly, 3907206
charitable, 3902255
initiate, 3893051
sustain, 3887563
naughty, 3884014
tailored, 3873987
pile, 3868510
terrain, 3862275
approaching, 3859351
convince, 3835627
researcher, 3816703
sphere, 3811957
shallow, 3810356
flush, 3783779
delegation, 3768815
knock, 3763282
weed, 3761762
severely, 3745830
rhythm, 3740139
ceramic, 3739255
lawn, 3713771
defect, 3711910
bundle, 3704970
altogether, 3683374
get through, 3679052
straightforward, 3678572
magical, 3665767
coded, 3654947
tub, 3654649
harsh, 3643164
bloody, 3635747
seemingly, 3623067
quietly, 3622268
disposition, 3592887
marijuana, 3571647
residual, 3567223
leak, 3565469
bitter, 3551790
crude, 3545505
harmony, 3542831
honestly, 3538160
stand up, 3526898
firing, 3517943
rival, 3495097
orbit, 3493860
preferably, 3487883
neglect, 3486530
clue, 3474648
rap, 3471845
delicate, 3445506
governing body, 3442926
civic, 3442379
appoint, 3429399
gig, 3427208
primitive, 3419651
punch, 3405295
notable, 3403625
definite, 3399439
disappear, 3393745
pale, 3388099
deploy, 3383952
patio, 3381398
shine, 3377697
accumulation, 3375609
in concert, 3355872
pronounced, 3348748
move on, 3347584
realise, 3317462
lightly, 3295854
noisy, 3287597
tariff, 3282307
rip, 3278106
influential, 3274982
take action, 3249349
sunglasses, 3235651
rigid, 3211681
convey, 3201877
run out, 3198030
lid, 3195833
tightly, 3187564
fragment, 3185884
nevertheless, 3175569
carrying out, 3172993
strongest, 3155951
pause, 3142669
go by, 3109762
manuscript, 3107110
derive, 3104133
snake, 3098102
memo, 3097803
say to, 3087538
abnormal, 3081304
congestion, 3075312
open up, 3075017
we consider, 3026216
focal, 3020558
cage, 3015128
stationary, 3013107
grasp, 3012011
bull, 3007674
esteem, 3001635
depressed, 2999357
fixed rate, 2985700
dash, 2978948
designate, 2971567
uniquely, 2968646
trivial, 2953837
bore, 2944863
terrific, 2938851
disturbing, 2923387
abundant, 2917162
hammer, 2914348
collectively, 2909166
coil, 2907697
tick, 2902379
bend, 2895600
inspector, 2889755
expire, 2885903
unfortunate, 2879930
cope with, 2868582
submit to, 2856127
enthusiastic, 2849799
look into, 2848743
thrust, 2844795
ample, 2840796
underneath, 2840239
worthwhile, 2831877
weigh, 2817199
carriage, 2810538
insane, 2802726
dull, 2800712
drought, 2782637
bash, 2781144
enlarged, 2777274
stir, 2773908
bump, 2764956
cooperate, 2753683
trade in, 2748332
competitor, 2746376
covered with, 2745948
refreshing, 2744883
residue, 2737326
commonly used, 2733278
convincing, 2729835
enclosure, 2726719
bounce, 2712662
anticipate, 2710230
nonsense, 2695740
leap, 2686882
all out, 2684069
stiff, 2684013
forgive, 2669423
shutdown, 2667778
consequently, 2656649
bout, 2648671
evolve, 2648245
overflow, 2635480
sore, 2617248
substantive, 2616685
lengthy, 2615257
investigator, 2614491
abusive, 2605403
supposedly, 2598127
vibration, 2597997
dispatch, 2588366
insect, 2584397
proposed by, 2577824
prolonged, 2572055
factual, 2570431
undergo, 2566085
sketch, 2565126
susceptible, 2561657
saint, 2560035
packed with, 2558250
adhere, 2550865
analyse, 2550681
contingent, 2550193
inspect, 2546357
explain to, 2539654
suspicious, 2529079
mobile home, 2525419
successive, 2525182
electronic mail, 2514468
utterly, 2507480
gal, 2506976
thoughtful, 2499158
terrace, 2492522
perceive, 2476641
rude, 2472893
concise, 2460493
humour, 2458805
depart, 2454956
fond, 2443368
foremost, 2439542
stealing, 2429481
manipulate, 2429428
playground, 2429326
spontaneous, 2421824
unhappy, 2407454
abandon, 2400219
spill, 2399470
vivid, 2397953
free market, 2394230
candid, 2393234
motherboard, 2386988
telecom, 2382604
sharply, 2377367
constrained, 2374358
lump, 2356847
undoubtedly, 2351756
inferior, 2336632
alphabet, 2333128
syndicate, 2323856
be about, 2323077
likewise, 2321460
unofficial, 2297452
breeze, 2292502
occupy, 2279381
multitude, 2267510
sincere, 2266261
ruin, 2264653
rim, 2263006
stain, 2254464
imposing, 2251662
scrap, 2242507
tutor, 2233127
schooling, 2228907
intrinsic, 2223152
peculiar, 2215792
handset, 2214864
potent, 2214163
ally, 2201597
prop, 2197327
upright, 2181533
contiguous, 2166432
faint, 2160235
dismiss, 2157503
BSE, 2152218
second hand, 2148572
shocking, 2134447
wipe, 2131359
deserved, 2124696
stimulus, 2098167
detective, 2096523
shout, 2094451
squeeze, 2092240
assemble, 2089588
heap, 2088974
collaborate, 2079567
sturdy, 2077587
requisite, 2070449
of late, 2057635
hot air, 2056100
exceptionally, 2054231
deprived, 2050681
levy, 2049438
pat, 2045382
coarse, 2038035
not long, 2035610
canopy, 2034027
melody, 2028663
until now, 2024660
fetch, 2015722
bring in, 1998772
righteous, 1988664
breadth, 1986273
gradual, 1982113
lever, 1973759
softly, 1973173
fracture, 1969444
fringe, 1967654
splash, 1962553
vaccination, 1943345
hand over, 1939669
organise, 1937634
prevalent, 1930895
understandable, 1930216
succeed in, 1928222
moderately, 1922506
seizure, 1918345
sympathetic, 1905747
take away, 1903092
investigative, 1899720
miserable, 1896625
depot, 1892088
prophet, 1888103
polite, 1885499
reputable, 1885477
haul, 1878560
flex, 1877396
overweight, 1872851
assortment, 1870919
awkward, 1869731
dodge, 1869443
persuade, 1868502
noticeable, 1868314
genuinely, 1865950
before this, 1865164
tolerate, 1864993
come down, 1862929
deficient, 1861281
young woman, 1857600
endure, 1853003
impress, 1849512
traveller, 1845828
utter, 1839748
clutch, 1832750
high profile, 1831206
come together, 1826650
unite, 1818707
outward, 1817659
tolerant, 1811425
unfamiliar, 1803669
toss, 1802164
ammunition, 1789353
ditch, 1787490
neighbouring, 1785334
thus far, 1779546
counterpart, 1776484
unpublished, 1773595
very fast, 1772689
concealed, 1766773
loaded with, 1764093
statistic, 1760365
metre, 1760126
tempo, 1756375
behold, 1750485
swift, 1747973
unpleasant, 1743110
fulfil, 1741457
laden, 1738550
circulated, 1738069
draw on, 1735379
finely, 1734039
forefront, 1710882
persist, 1709065
disregard, 1707508
low income, 1699268
onwards, 1696780
preaching, 1681530
stationery, 1680279
cultured, 1676602
nowadays, 1675874
very bad, 1668875
indispensable, 1668028
this moment, 1665993
indictment, 1663369
outright, 1662351
standpoint, 1661619
yielding, 1657149
favourable, 1649246
drop off, 1642524
speedy, 1624634
accumulate, 1618813
adjoining, 1617683
encode, 1609772
in truth, 1608441
jelly, 1601929
vigorous, 1597413
tow, 1596292
precedence, 1591129
forwards, 1588343
very quickly, 1582495
ascertain, 1574571
eminent, 1571839
rubbish, 1567019
command of, 1563704
discard, 1563210
geological, 1556557
explode, 1544064
obsession, 1530903
annoyed, 1516195
courtyard, 1515142
wreck, 1507092
unrestricted, 1506829
cheerful, 1499406
depict, 1481132
evidently, 1480712
specifically designed, 1474302
insightful, 1468385
cause to, 1466592
tedious, 1463049
cannabis, 1456609
succeeding, 1454179
neatly, 1449824
telecommunication, 1449811
sack, 1425578
orderly, 1421360
be employed, 1416884
frightening, 1412772
beforehand, 1412165
put forward, 1404235
conserve, 1402178
instruct, 1401399
caravan, 1393951
tease, 1379758
miss out, 1379081
lure, 1376641
set off, 1376223
acreage, 1374240
inward, 1372274
diminish, 1370380
logon, 1361070
by then, 1360137
troop, 1355181
omit, 1352937
compassionate, 1348137
unlocked, 1340401
finale, 1337586
alternatively, 1335444
intellect, 1332404
roaming, 1331706
furious, 1330043
revert, 1329137
existent, 1327997
air flow, 1325479
temper, 1324815
ethereal, 1320419
respectable, 1318311
needy, 1309794
distinctly, 1304754
dependable, 1304088
stern, 1299739
pardon, 1299006
examiner, 1294261
heartbeat, 1289091
unfinished, 1288603
simply to, 1284242
climax, 1283643
spying, 1278704
put down, 1274588
originate, 1272163
heightened, 1269332
head off, 1267637
bring back, 1261901
savage, 1258140
turn up, 1251740
presume, 1248893
formidable, 1241535
almost immediately, 1232184
plunge, 1230468
weave, 1228859
tidy, 1223843
cut down, 1219285
unsatisfactory, 1219145
overdue, 1218570
plainly, 1213429
speculative, 1212132
narrowly, 1207719
synopsis, 1203628
untreated, 1192568
recharge, 1187046
allegation, 1185957
persuasive, 1176795
setback, 1175899
amplified, 1172524
augmented, 1161491
compost, 1152484
subroutine, 1143082
lay down, 1140226
be accurate, 1130610
immature, 1122104
unseen, 1121085
sapphire, 1115841
give back, 1115076
scatter, 1114436
yell, 1109793
pornographic, 1108695
mound, 1107477
fall off, 1104688
tighten, 1103356
deserving, 1101866
emit, 1100616
dreadful, 1100451
reckon, 1099424
just now, 1095954
nozzle, 1095744
collage, 1092944
courteous, 1092062
portray, 1091195
discontinue, 1086305
intensely, 1084765
wind up, 1080737
viewable, 1073091
penetrating, 1069334
mediocre, 1067038
reflex, 1051674
honourable, 1048352
additionally, 1047966
know as, 1044537
mindset, 1042642
lessen, 1039798
dub, 1031246
chuck, 1031109
evangelical, 1028164
lug, 1026067
get worse, 1024996
expansive, 1023470
ordinary people, 1022814
faction, 1015215
camper, 1011932
upbeat, 1009707
abruptly, 1005106
tranquil, 1003185
pairing, 996780
weaken, 993107
booming, 990128
bring out, 987128
sell for, 986376
incompetent, 985793
accuse, 978661
discerning, 977553
choke, 975357
terrifying, 973677
procure, 973603
germ, 969255
heterosexual, 966407
descend, 964296
violently, 963862
luminous, 963668
arrive on, 962627
horrific, 960180
compel, 957276
vibe, 945929
tug, 945021
take back, 944316
ambience, 943263
conspicuous, 940360
plentiful, 932768
facet, 932559
in tandem, 930505
vulgar, 929420
peeled, 923194
arid, 921896
undercover, 917241
epoch, 913996
receptive, 911260
frantic, 910429
revisit, 909063
rupture, 909028
onward, 907433
despite this, 903572
resilient, 902083
speciality, 901605
comfy, 900235
respite, 893235
insulting, 892735
elemental, 891665
traverse, 889255
uninterrupted, 883575
close by, 882450
contemplate, 880483
realtime, 879559
downright, 876782
purge, 873561
allotment, 866728
shady, 863672
uncontrolled, 863255
leash, 861334
well into, 857554
wrench, 854543
melancholy, 853929
clipping, 848277
inexperienced, 847737
lookout, 835180
resonant, 834473
hoop, 833983
admirable, 832972
hitherto, 830583
malfunction, 829992
abrupt, 829339
prosper, 828429
truthful, 826750
liberated, 826335
poignant, 820103
clasp, 819777
pn, 814605
most prominent, 813610
more accurately, 810391
hardy, 809572
convoy, 806905
tumble, 805498
diligently, 802609
more accessible, 802252
hue, 792400
accusation, 787021
utilise, 786141
beep, 782358
unnatural, 778731
speak about, 775997
cobalt, 773866
temperament, 771232
intimately, 769368
work area, 768929
hurried, 768032
disciple, 765520
flank, 758087
impoverished, 757481
capital punishment, 756506
backstage, 755587
serene, 755401
barge, 751816
convene, 751546
appalling, 751195
gaping, 744035
ledger, 742780
populace, 738359
dope, 733883
left wing, 731934
infect, 727936
weep, 727882
uncompressed, 727617
carve, 726843
fiercely, 725935
recount, 725124
anomalous, 723761
unload, 723070
saucepan, 720659
incidentally, 719539
wind power, 717829
inactivity, 717407
cleanse, 712521
in unison, 707243
disappoint, 706555
atypical, 705174
intelligence agency, 703700
rectify, 702180
salient, 702067
airy, 695463
vocation, 693384
chronicle, 688721
skim, 688650
move away, 686474
fart, 685497
animate, 683554
feeble, 681404
successfully complete, 677742
sandal, 675852
affectionate, 675390
adult male, 672287
wretched, 669821
unambiguous, 668505
riff, 668478
impart, 666563
marvellous, 664442
elongated, 661740
aching, 651043
fulfilment, 649470
finish up, 645210
pellet, 643833
leftover, 641372
stag, 637642
lucid, 637180
treatise, 632955
sooner than, 624044
mislead, 616483
summon, 612968
let out, 612892
subtly, 609528
peep, 607935
lay out, 607314
be revealed, 605746
whiteboard, 603618
kennel, 600943
alternately, 599119
brighten, 595499
indecent, 593652
not difficult, 591880
craze, 591659
understated, 591154
treasured, 587529
modality, 587096
friendliness, 581584
draw upon, 581441
quid, 580994
ostensibly, 580986
tell people, 580154
casserole, 579430
ratify, 578478
tint, 577703
ask of, 577422
move through, 567879
canister, 566646
scrape, 564413
service station, 563562
stout, 563174
unlucky, 561905
benevolent, 556235
crocodile, 555349
undisclosed, 554823
deteriorate, 550543
toil, 545170
chime, 542812
protracted, 540498
drawn out, 535041
overflowing, 535030
leave out, 531211
throbbing, 529852
rudimentary, 526673
forceful, 522758
widely known, 522328
mend, 520019
disperse, 518550
cushioned, 518088
shred, 517166
telephone call, 514435
propel, 513772
set down, 506397
clandestine, 505785
clout, 505621
halter, 504915
earnestly, 504590
present with, 502295
kilogram, 499408
take from, 498245
indicate to, 496013
unbroken, 495537
hasty, 495416
authorise, 495144
bringing up, 494122
practice area, 493441
afar, 493113
keenly, 492055
before long, 492048
martyr, 491248
persistently, 490680
masterful, 489213
in preference, 488677
switched on, 488463
heavy traffic, 487780
counsellor, 482967
clique, 482789
regress, 478569
projectile, 476406
unmistakable, 473270
seizing, 468986
forcefully, 468101
blockage, 467574
jab, 465071
death sentence, 465029
exertion, 461522
horrifying, 460842
expanse, 460361
purify, 457061
indigent, 456460
occur to, 453715
intensively, 452703
delicately, 449381
truthfully, 447664
foundational, 440145
traffic congestion, 438430
entitle, 437313
foray, 436659
expel, 435874
wonder about, 434019
relinquish, 433104
whirlwind, 432459
juncture, 432219
onerous, 427859
rabid, 427353
spruce up, 426813
substandard, 426048
far reaching, 424871
fob, 423670
inflexible, 419559
go past, 416384
lifeless, 416197
enter my, 415021
take notice, 414969
repose, 412615
cordial, 406396
correspondingly, 405812
bestow, 405500
carefree, 403233
hapless, 402255
sob, 401590
blackboard, 401478
intently, 400478
thought provoking, 400020
inoculation, 398737
kilo, 394076
mistrust, 393167
destitute, 392100
motionless, 391581
improv, 389569
conversely, 387381
open minded, 387090
numeral, 385266
glyph, 385212
teapot, 384382
commendable, 384088
tenderly, 382448
uncomplicated, 382371
innermost, 380622
harshly, 379209
gust, 376627
fasten, 375528
unquestionably, 375446
creditable, 375423
cadence, 375050
unequivocally, 373709
fling, 371779
nongovernmental, 369301
pluck, 366398
disrespectful, 363711
discarding, 362777
cemented, 361868
proletariat, 361054
far on, 360783
yank, 360452
unspoken, 359034
lass, 358339
proximate, 355107
azure, 354469
repel, 351492
replete with, 348000
most intense, 347804
faintly, 346980
conceivably, 341922
inelastic, 340262
evaporate, 336109
give off, 335708
cursory, 332132
lay off, 331704
pass over, 328346
mobile telephone, 328201
forgo, 325428
shrill, 324527
approachable, 323028
untrained, 321473
frenzied, 320692
radiate, 320079
deflated, 319653
battleground, 318640
undressed, 318280
common people, 314830
weighty, 314252
wry, 314059
be freed, 313658
throng, 312901
atrocious, 312708
resolute, 312394
manifestly, 311152
voluminous, 309975
restful, 309937
facile, 309826
less serious, 308149
amiable, 307783
singularly, 307728
postulate, 305841
nuance, 301687
depress, 298140
move ahead, 298107
directorate, 297343
rheumatic, 296326
unwavering, 296164
topple, 295993
habitually, 292809
rowdy, 291134
demonstrate to, 290965
uninteresting, 288260
critical point, 286940
most abundant, 285106
hushed, 284042
erupt, 283954
fearsome, 283194
unobstructed, 281091
lenient, 280457
etcetera, 280206
shoot at, 279109
raucous, 275428
expeditious, 274957
jump over, 270132
lewd, 269086
connotation, 269051
manoeuvre, 268828
into view, 268766
austere, 268471
imprecise, 268225
deplorable, 267293
recently started, 265377
edict, 260545
laudable, 260463
unprocessed, 260227
full bodied, 260056
thump, 258126
tarnish, 258037
very rapidly, 257130
recently acquired, 254224
brimming with, 251843
unchanging, 248677
with impunity, 248078
crumb, 247775
send back, 247504
infertile, 246768
forthright, 246317
holy man, 245895
deafening, 245860
data item, 243798
wail, 241737
heave, 240243
describe as, 238725
underprivileged, 236833
be occupied, 236281
bristle, 235377
attentively, 235264
alight, 233623
collate, 232172
unspoilt, 231740
banish, 230124
succeed at, 230100
frenetic, 225838
unkind, 224024
lengthened, 223709
uncooked, 221415
convey to, 220681
alcohol free, 220440
wide ranging, 219307
timbre, 219020
tinge, 216143
young female, 216136
toilet tissue, 214535
well behaved, 214507
deselect, 214096
experimenter, 212997
hurl, 211943
electronic bulletin, 207539
epistle, 204233
papyrus, 203572
thundering, 201606
surmise, 201587
legume, 201102
emanate, 201024
tardy, 200455
malleable, 200199
deflate, 198630
ministering, 198173
nullify, 195513
lifeblood, 195327
gradation, 194300
phoneme, 192433
allay, 191251
blaring, 189416
enable to, 188562
shriek, 188210
confiscate, 184712
befitting, 184435
meander, 183728
behind schedule, 183142
strident, 180297
freshen up, 180270
oratory, 177575
trouble free, 176709
disinfect, 175514
parched, 172962
encircling, 170048
retrace, 168802
impolite, 168132
abhorrent, 167235
low key, 166348
unadulterated, 165825
frothy, 163850
cast off, 163587
exclaim, 163479
thereabouts, 162073
dividing line, 161724
be authorised, 161534
throb, 161092
expose to, 159806
make known, 159420
spongy, 158407
easygoing, 157670
suitor, 157343
absolve, 156860
well stocked, 156298
personage, 155196
amass, 153673
plausibly, 152274
morsel, 152080
unsophisticated, 151662
elapse, 151136
scrupulously, 150907
undiluted, 149688
unquestionable, 149500
instigate, 149004
crammed with, 148412
conglomeration, 147168
tidy up, 146400
direct at, 146291
vindicate, 146028
restore to, 143734
flatulence, 142476
unyielding, 142230
female children, 142176
not arrived, 141640
soulless, 140301
collide with, 140195
eschew, 138897
unblock, 137432
profuse, 136875
strenuously, 136439
inexact, 134920
paladin, 134503
inquirer, 133736
narrate, 133216
goodman, 133191
unsympathetic, 132892
laboured, 132375
headdress, 129825
nonlocal, 129407
deadpan, 129099
indict, 125365
more straightforward, 122879
droll, 121495
ajar, 120326
obtrusive, 119005
roadshow, 116018
lower down, 114210
several feet, 113950
uncontaminated, 109817
vociferous, 109805
missive, 108391
straightaway, 108135
acquit, 106959
not heavy, 105317
female child, 104935
demeanour, 104247
scrutinise, 103761
improvised music, 101727
charge up, 100506
erudition, 100396
main role, 99931
businesslike, 99669
playing surface, 99648
inoffensive, 97789
bank balance, 96981
unreservedly, 95381
free run, 95158
waterless, 94942
unrefined, 94922
free thinking, 91994
facetious, 91720
transpire, 89772
travel down, 89447
latterly, 89311
inmost, 88777
get above, 88280
unremitting, 87247
indifferently, 85092
impertinent, 84958
message area, 84566
wash up, 82398
deride, 80997
bulls eye, 80771
exonerate, 79452
total freedom, 78304
prominent position, 78226
inform people, 76494
well regarded, 74215
time signature, 73700
inconsiderable, 73301
emanation, 73255
stodgy, 73190
pitiable, 72271
not prescribed, 72213
near end, 71985
less difficult, 69863
feasibly, 69351
nonalcoholic, 69160
act decisively, 68151
rebuff, 68000
easily digested, 66275
determinedly, 64766
doze off, 63556
impassive, 62740
explode on, 62621
enticement, 62383
cavalcade, 62026
front rank, 61940
desiccated, 61828
not closely, 61016
gremlin, 60952
not remotely, 60638
unswerving, 60546
unmoving, 56966
curtly, 56918
undemanding, 56215
palpably, 55907
wend, 55581
mail carrier, 55492
prance, 55104
alphabetic character, 54402
sagacious, 54365
critical level, 54074
listening device, 53751
moult, 51583
try everything, 51521
cordiality, 51375
well mannered, 50343
undistorted, 50262
lean against, 49445
unbending, 48771
bathroom tissue, 47679
be unsuccessful, 47081
slacken, 46957
pale grey, 46494
unruffled, 46383
unclosed, 46084
rush at, 45759
bawl, 45065
cut price, 44147
accuse of, 43737
unfastened, 43499
send away, 42308
nonmoving, 42213
ruched, 41745
regular pattern, 41111
poverty stricken, 40334
believably, 38034
matchstick, 37992
propound, 37085
excoriated, 36418
deep seated, 35147
circlet, 35124
daintily, 34959
unvarying, 34602
sixty feet, 33614
syphon, 33112
even surface, 32282
windless, 31988
let fall, 31936
air current, 31290
brusquely, 29987
unrevealed, 29022
supply electricity, 28882
heartrate, 27987
undershoot, 27231
poor treatment, 27222
house trailer, 26117
noncriminal, 25941
recurrently, 25340
actualisation, 25332
layby, 23925
erupt on, 23604
skitter, 22788
legation, 22775
banking facility, 22668
undimmed, 22548
holy person, 22039
unsubstantial, 21976
distancing themselves, 21679
skim over, 20917
limited tax, 20816
untaught, 19480
pourer, 18995
music sessions, 18187
become different, 17924
become empty, 17106
main population, 16966
chance upon, 15668
not rough, 15375
surveillance device, 15372
holy woman, 15312
fail once, 14954
unbent, 14948
music session, 14895
coding error, 14871
arduously, 14582
canonised, 14503
snivel, 14030
travel bus, 13886
allophone, 13613
unobscured, 13537
burgeon, 12481
knockback, 12232
broad minded, 12214
not rigorous, 12007
squashy, 11747
ebb away, 11250
undeviating, 11184
break area, 11020
teetotal, 10869
shooting centre, 10808
pileus, 10589
behind time, 10580
vagary, 10179
categoric, 9585
ill mannered, 9531
induce to, 9484
shooting area, 9444
anticipative, 9079
rainless, 8917
make mad, 8868
unspun, 8763
centre circle, 8180
sound unit, 8140
bovine animal, 7959
future focused, 7412
frontward, 7127
unrelaxed, 7067
hearbeat, 6920
pedological, 6455
regular beat, 5563
twelve shillings, 5461
powerful male, 5132
heartbeat rate, 4783
edible seed, 4756
not windy, 4673
sonant, 4663
accepting business, 4592
ordinary private, 4447
wieldy, 4418
guide rope, 4344
profit greatly, 4327
camp trailer, 4206
openhanded, 4012
move earlier, 3979
wildly excited, 3633
nonalcoholic drinks, 3597
sixteen ounces, 3510
trusted group, 3410
highly flavoured, 3308
left round, 3224
unpoliced, 3152
male bovine, 2947
waste metal, 2906
unblurred, 2787
people's, 2615
unfair deal, 2566
spying device, 2427
undertake employment, 2371
noninterventionist, 2332
impromptu music, 2257
meet approval, 1950
informal music, 1888
cricked, 1870
religious preaching, 1623
banking arrangement, 1552
male cow, 1507
nonfrozen, 1427
traffic block, 1355
crucial level, 1312
address slightly, 1308
uncurved, 1284
complete gamut, 1283
take ahead, 970
code defect, 940
phonetic unit, 923
uncanned, 863
unlidded, 833
unshut, 772
unmoistened, 651
unshaking, 618
discarded item, 537
unfluctuating, 519
per ounces, 483
untidy pile, 436
think probable, 394
leftover part, 348
unheavy, 339
wipeboard, 314
unobstruct, 258
make excited, 243
believe guilty, 169
harsh deal, 154
lacking rigour, 131
think guilty, 130
invariable rate, 95
inform me of, 0
let me know, 0
be of the opinion, 0
in this manner, 0
in this way, 0
natural air movement, 0
accuse having, 0
citizens', 0
make a fortune, 0
tongue in cheek, 0
piece of work, 0
at a later hour, 0
after the usual time, 0
after normal time, 0
near the end of, 0
at the end of the, 0
latter part of, 0
end of the, 0
not on time, 0
At the end of the, 0
after the usual, 0
after the normal time, 0
older than the norm, 0
at a later stage, 0
no more than, 0
put an end to, 0
go back to, 0
get rid of, 0
while on the subject, 0
what the result would be, 0
more or less, 0
here and there, 0
become obsessed with, 0
fearlessly tackled the problem, 0
adult male cow, 0
grasped the nettle, 0
load of rubbish, 0
as an alternative, 0
in preference to, 0
in its place, 0
in place of this, 0
as it happened, 0
in real time, 0
on the spot, 0
as it happens, 0
the celebration of the Eucharist, 0
the Eucharist, 0
state of mind, 0
frame of mind, 0
feel like writing, 0
16 ounces, 0
11.27 kilograms, 0
canonised person, 0
nondeviating, 0
uncurving, 0
uncrooked, 0
in a row, 0
the Victorian period, 0
cul de sac, 0
in the vicinity, 0
back on itself, 0
through out the world, 0
and removing it, 0
in the future, 0
be connected with, 0
be not organised, 0
spring to mind, 0
occur to one, 0
make use of, 0
prior to that, 0
in advance of, 0
in previous times, 0
and the like, 0
to and fro, 0
backwards and forwards, 0
back and forth, 0
small amounts of, 0
of little weight, 0
as a result, 0
at this time, 0
at this point, 0
at this stage, 0
put in order, 0
waste no time in, 0
put up with, 0
be subjected to, 0
take advantage of, 0
get involved with, 0
come into contact with, 0
come together with, 0
in contact with, 0
make contact with, 0
come in contact with, 0
make more like, 0
make more similar, 0
erupt on to, 0
explode on to, 0
full to burst, 0
erupt with laughter, 0
refer to as, 0
be fitted with, 0
have on them, 0
send a letter, 0
write a letter, 0
send a message, 0
let go of, 0
field of vision, 0
area of operation, 0
on the streets, 0
look ahead to, 0
to the front, 0
look to the future, 0
innermore, 0
cause to be, 0
cause your outer work to be more, 0
cause to become, 0
give rise to, 0
cause a great burden to be, 0
induce to be, 0
compel me to, 0
close at hand, 0
ready for business, 0
stop at the side of the road, 0
stop the car, 0
go to any length, 0
do everything it takes, 0
stop at nothing, 0
get hold of, 0
under the cover, 0
one might say, 0
as it were, 0
in a way, 0
layer of earth, 0
consider potentially guilty, 0
are still to happen, 0
up to now, 0
in spite of that, 0
putting to death, 0
the death penalty, 0
do not come up to, 0
fail to meet, 0
do not meet, 0
go to sleep, 0
person of authority, 0
informal music session, 0
impromptu music session, 0
to the fore, 0
measure up to a certain standard, 0
be accepted by, 0
get approval from, 0
less well off, 0
all the way, 0
odds and ends, 0
do not appear, 0
make annoyed, 0
make their way, 0
knock her breathless, 0
knock the breath out of, 0
knock the air out of, 0
knock the wind out of, 0
make your way, 0
twist your way, 0
